Store ID ,Store_Area,Items_Available,Daily_Customer_Count,Store_Sales,Performance
650,1989,2414,860,116320,High
869,1775,2104,980,105150,High
433,1365,1638,680,102920,High
409,1303,1587,1310,102310,High
759,1486,1758,820,101820,High
558,1137,1374,700,101780,High
867,1565,1854,900,100900,High
167,1465,1763,680,99570,High
693,1548,1858,480,99480,High
872,1800,2158,1100,98260,High
469,1060,1279,670,97360,High
87,1931,2342,940,97260,High
370,1769,2112,660,96650,High
895,1299,1560,770,96610,High
812,1354,1635,1270,95900,High
665,1766,2111,580,94690,High
572,1834,2184,830,94460,High
690,1078,1276,640,94370,High
104,1374,1655,1080,94170,High
351,1291,1546,420,93950,High
478,1244,1480,860,93530,High
696,1645,1958,530,93360,High
733,1641,1999,950,93000,High
854,1582,1906,550,92640,High
888,1156,1398,140,92370,High
248,1296,1559,1070,92300,High
226,1829,2175,870,92240,High
384,1555,1881,1260,91360,High
422,1175,1405,810,91200,High
235,1378,1658,760,90960,High
423,1395,1662,920,90940,High
85,1287,1525,1200,90180,High
589,1814,2174,770,90070,High
557,932,1138,820,89760,High
405,1948,2374,930,89540,High
245,1185,1418,1150,89310,High
103,1262,1500,1170,89080,High
82,1539,1858,1020,88910,High
196,1841,2215,610,88760,High
556,1723,2072,560,88410,High
743,1534,1858,860,88370,High
877,1259,1493,100,88270,High
560,1237,1512,1070,88210,High
728,1440,1711,1020,88120,High
643,1534,1841,680,87930,High
815,1218,1459,540,87890,High
467,2229,2667,660,87410,High
367,1207,1476,720,87370,High
555,1832,2185,840,87330,High
856,1214,1455,950,87220,High
390,1320,1562,610,87170,High
561,1371,1650,540,87160,High
875,1859,2222,1210,87000,High
760,1655,1993,440,86890,High
786,1975,2368,450,86830,High
347,1577,1879,760,86710,High
741,1336,1616,710,86620,High
621,1971,2342,690,86560,High
755,1323,1591,680,85720,High
379,1121,1345,320,85670,High
799,2019,2420,850,85670,High
340,966,1172,900,85470,High
153,1548,1855,670,85330,High
573,1143,1375,940,85160,High
140,1179,1412,790,85130,High
807,1850,2214,1110,85000,High
30,1715,2071,650,84860,High
75,1539,1833,650,84840,High
339,1455,1764,390,84690,High
375,1940,2343,1130,84690,High
714,1631,1947,670,84410,High
605,1078,1306,680,84360,High
652,1533,1817,950,84360,High
810,1679,2008,790,84300,High
549,1244,1481,410,84040,High
191,1391,1649,810,83750,High
501,1382,1660,1070,83720,High
58,1470,1763,1080,83660,High
401,1718,2056,1220,83600,High
238,1257,1505,950,83250,High
694,1560,1883,1040,83220,High
790,1275,1548,370,82970,High
349,1362,1634,770,82940,High
257,1648,2003,910,82930,High
685,1540,1820,310,82390,High
394,1905,2280,1060,82350,High
655,1165,1387,1060,82350,High
596,1498,1805,1270,82270,High
893,1387,1663,850,82080,High
76,1635,1956,720,82070,High
629,2044,2408,380,82020,High
735,1743,2061,860,81930,High
228,1699,2053,1080,81870,High
648,1327,1590,770,81870,High
343,1638,1952,690,81840,High
51,1514,1820,910,81820,High
753,1648,2017,930,81720,High
332,1633,1968,330,81470,High
622,1383,1687,830,81390,High
811,994,1194,1090,81390,High
468,1490,1783,730,81370,High
654,1607,1933,930,81260,High
126,1787,2137,610,80970,High
656,1193,1430,560,80830,High
429,1777,2145,520,80790,High
117,1157,1379,770,80780,High
784,1473,1785,570,80720,High
870,1439,1732,1170,80580,High
279,1855,2197,1170,80490,High
341,1922,2290,290,80410,High
546,1185,1420,880,80370,High
164,2044,2474,340,80340,High
31,1439,1746,990,80140,High
129,1365,1636,980,79950,High
124,1947,2333,790,79780,High
580,1860,2246,410,79780,High
767,1596,1939,960,79760,High
440,1908,2304,990,79500,High
393,1264,1502,800,79410,High
858,1653,1982,390,79410,High
814,1873,2252,330,79310,High
460,1396,1668,760,79270,High
450,1685,2015,1160,79220,High
108,1929,2311,630,79210,High
259,2001,2394,540,79180,High
473,1430,1690,800,78950,High
16,1644,1950,790,78870,High
528,1552,1869,710,78870,High
664,1717,2048,700,78530,High
172,1539,1837,990,78470,High
645,1767,2121,1050,78430,High
101,1096,1321,900,78420,High
198,1504,1827,840,78230,High
247,1294,1539,790,78130,High
678,1591,1896,780,78130,High
29,1642,1943,710,78100,High
852,1293,1558,790,78100,High
381,1599,1946,940,78090,High
639,1812,2189,310,78090,High
768,1119,1345,790,78060,High
503,1918,2284,310,78020,High
470,2015,2436,680,77960,High
615,1438,1751,760,77790,High
745,854,1018,660,77740,High
531,1482,1777,800,77570,High
887,1655,1986,1150,77430,High
185,1398,1692,650,77420,High
214,1863,2245,640,77260,High
17,1578,1907,1440,77250,High
95,1921,2305,1470,77120,High
230,1350,1634,880,77120,High
601,1433,1722,830,77080,High
868,1648,1959,370,77080,High
303,1391,1648,720,77070,High
882,1344,1605,1160,76740,High
364,1404,1670,620,76730,High
751,1085,1308,1170,76670,High
317,1375,1659,1080,76640,High
139,1795,2187,300,76530,High
305,1092,1314,600,76530,High
587,1609,1930,740,76470,High
894,1200,1436,1060,76440,High
880,1792,2131,810,76420,High
50,1408,1688,1040,76350,High
441,1721,2076,710,76300,High
602,1241,1489,1380,76250,High
336,1887,2278,570,76240,High
739,1526,1858,550,76200,High
618,1622,1944,360,75970,High
320,1513,1825,980,75950,High
873,1690,2024,1070,75930,High
451,1474,1759,880,75880,High
316,1293,1554,970,75800,High
752,1660,1979,480,75800,High
386,1491,1800,980,75620,High
215,1458,1725,750,75550,High
641,1440,1749,490,75530,High
377,1496,1774,810,75490,High
781,1489,1783,450,75300,High
296,1305,1548,480,75200,High
592,1847,2186,910,75120,High
407,896,1059,870,75110,High
304,1577,1892,560,74730,High
447,1179,1428,1290,74570,High
34,1784,2163,620,74560,High
464,1172,1411,460,74550,High
408,1625,1943,680,74520,High
600,1619,1947,910,74330,High
309,1550,1871,590,74320,High
181,1612,1939,840,74250,High
420,1431,1710,840,74170,High
773,1235,1503,660,74160,High
769,1116,1347,700,74080,High
782,1549,1871,740,74080,High
220,1390,1687,620,73990,High
229,1325,1595,540,73860,High
849,919,1099,1560,73810,High
310,1614,1946,740,73800,High
667,1410,1692,790,73800,High
263,1199,1433,1020,73710,High
201,1468,1744,590,73660,High
805,1722,2078,770,73610,High
697,1225,1455,750,73590,High
794,1388,1672,800,73500,High
449,1378,1656,1010,73170,High
817,1546,1860,670,73160,High
178,1605,1902,390,73120,High
142,1688,2042,760,73080,High
659,1348,1623,1010,72940,High
157,1613,1921,1200,72800,High
688,1475,1775,230,72740,High
68,1416,1681,290,72710,High
132,1076,1270,620,72630,High
682,1451,1750,570,72550,High
35,1375,1648,1020,72430,High
570,1511,1822,420,72410,High
231,1347,1628,120,72350,High
202,1310,1558,890,72320,High
886,1118,1337,560,72270,High
7,1542,1858,1030,72240,High
432,1311,1571,470,72090,High
357,1798,2134,820,72050,High
506,1556,1846,760,72020,High
548,1141,1353,1370,72000,High
813,1597,1918,1260,71830,High
74,1468,1749,700,71780,High
312,2019,2396,540,71570,High
213,1658,1988,370,71530,High
445,1628,1959,890,71480,High
61,1704,2045,300,71300,High
624,1508,1823,520,71290,High
11,1187,1439,1090,71280,High
471,1611,1919,960,71240,High
156,1450,1734,380,71120,High
881,1263,1516,780,70980,High
756,1385,1643,740,70940,High
839,1638,1937,1050,70940,High
183,1923,2339,950,70930,High
800,1236,1508,1260,70830,High
212,1488,1807,1030,70810,High
565,1466,1743,1200,70810,High
59,1761,2104,1080,70770,High
891,1549,1851,1220,70620,High
299,1471,1768,780,70610,High
771,1299,1540,590,70580,High
53,1074,1288,320,70450,High
264,1875,2254,1120,70400,High
529,1700,2064,940,70310,High
559,1231,1472,810,70290,High
850,2067,2492,790,70230,High
625,1057,1284,750,70110,High
26,1732,2073,820,70050,High
225,1647,1962,800,70020,High
687,1307,1562,490,69990,High
192,1778,2148,1140,69940,High
243,1557,1861,370,69940,High
170,1481,1765,490,69910,High
524,1622,1968,340,69610,High
676,1755,2072,810,69610,High
163,1414,1723,680,69600,High
275,1631,1967,1090,69600,High
437,1744,2101,520,69570,High
708,1769,2153,580,69560,High
177,1536,1848,670,69450,High
583,1710,2053,730,69390,High
627,1466,1746,590,69370,High
576,1455,1747,750,69320,High
107,1692,2031,810,69310,High
680,1519,1823,1040,69210,High
611,1513,1804,430,69190,High
66,1707,2052,920,69130,High
617,1412,1701,630,69130,High
453,1086,1291,930,69090,High
476,1463,1764,1060,69050,High
442,1243,1491,430,69030,High
306,1375,1681,440,68900,High
22,1458,1746,690,68890,High
203,1321,1579,770,68890,High
301,1578,1885,220,68850,High
130,1368,1654,530,68740,High
241,1329,1609,1150,68590,High
189,1302,1569,710,68450,High
219,1451,1737,890,68430,High
598,1563,1872,1080,68420,High
376,1391,1683,890,68390,High
619,1503,1791,630,68350,High
416,1462,1732,840,68260,High
227,1852,2227,1220,68230,High
193,1462,1770,1070,67710,High
43,1665,2001,730,67640,High
452,1794,2137,670,67610,High
457,1455,1757,650,67520,High
527,1857,2236,1280,67420,High
765,1150,1378,730,67390,High
73,891,1073,630,67370,High
194,1751,2115,790,67360,High
796,1440,1747,1090,67320,High
567,1439,1703,1000,67290,High
628,1545,1888,600,67110,High
489,1230,1466,730,67100,High
788,1427,1723,1040,67090,High
92,2169,2617,600,67080,High
197,1496,1791,1240,67030,High
54,1864,2240,530,67000,High
266,1240,1492,940,66840,High
47,1769,2087,690,66510,High
1,1659,1961,530,66490,High
831,1724,2101,900,66390,High
892,1582,1910,1080,66390,High
15,1469,1756,770,66360,High
732,1937,2310,520,66300,High
217,1575,1899,840,66270,High
57,1734,2060,1240,66210,High
322,1190,1429,470,66170,High
670,1485,1785,1340,66160,High
661,1667,2020,980,66070,High
486,1440,1719,580,66050,High
511,1678,2022,1050,66050,High
240,1881,2244,920,66030,High
438,1513,1820,520,66020,High
121,1441,1727,890,66000,High
824,1425,1733,760,66000,High
846,1419,1743,860,65970,High
64,1310,1561,860,65920,High
541,2214,2647,740,65900,High
244,2007,2397,610,65890,High
797,1349,1610,700,65890,High
513,1191,1421,980,65820,High
512,1247,1490,330,65750,High
80,1462,1761,600,65660,High
734,1659,1999,650,65660,High
102,1919,2294,760,65580,High
78,1250,1475,1390,65560,High
371,1111,1322,610,65500,High
763,1197,1428,830,65410,High
677,1211,1472,790,65390,High
91,1590,1912,830,65350,High
417,1440,1733,1120,65310,High
707,1495,1793,1020,65300,High
106,1207,1434,690,65180,High
607,1289,1536,540,65120,High
700,1615,1928,660,65080,High
482,1675,2002,1050,64990,High
236,1767,2110,1200,64950,High
285,1856,2216,1020,64820,High
539,1622,1968,210,64780,High
116,1274,1503,660,64750,High
716,1990,2384,1110,64690,High
184,1702,2053,950,64670,High
292,902,1093,1210,64640,High
704,1791,2167,700,64320,High
669,1068,1278,440,64120,High
55,1570,1898,980,64090,High
507,1784,2142,950,64010,High
564,1212,1440,500,63950,High
673,1624,1958,290,63850,High
223,1251,1527,380,63830,High
152,1662,1986,70,63730,High
258,1025,1231,760,63720,High
99,1785,2147,820,63660,High
646,1368,1649,740,63660,High
519,1520,1817,850,63600,High
344,1145,1375,950,63590,High
19,1438,1731,1030,63540,High
365,1124,1369,650,63540,High
855,1481,1789,550,63540,High
551,2049,2465,720,63510,High
809,1496,1800,780,63300,High
828,1671,2024,620,63100,High
706,1609,1924,1170,63050,High
402,1480,1773,360,63020,High
848,1474,1745,970,63020,High
647,1393,1670,410,62960,High
112,1485,1787,800,62950,High
38,1174,1411,1080,62870,High
221,1442,1742,310,62800,High
518,1351,1616,650,62770,High
324,1771,2147,430,62710,High
48,1660,1982,910,62530,High
256,1439,1735,400,62470,High
757,1250,1506,990,62420,High
672,1685,2010,990,62380,High
725,1493,1795,530,62380,High
138,1581,1905,810,62280,High
199,1524,1808,460,62270,High
354,1445,1709,1340,62180,High
579,1701,2034,660,62180,High
630,1887,2264,830,62050,High
701,1872,2262,560,62050,High
434,1249,1503,950,61970,High
252,1550,1845,700,61750,High
631,1505,1836,940,61730,High
319,1332,1586,630,61670,High
208,1406,1677,480,61660,High
626,1411,1680,1070,61590,High
355,1433,1707,1160,61460,High
879,1205,1468,1210,61210,High
98,1816,2171,1160,61180,High
127,1871,2241,500,61150,High
712,1360,1612,490,61080,High
435,1373,1635,840,61040,High
430,1612,1918,580,61000,High
538,1601,1920,600,61000,High
392,1406,1680,860,60980,High
97,1853,2235,1120,60960,High
137,1638,1972,810,60940,High
613,1677,2014,660,60800,High
274,1617,1901,490,60770,High
715,1246,1482,1070,60680,High
28,1390,1648,980,60530,High
380,1691,2026,700,60530,High
13,1746,2064,1050,60470,High
325,1365,1645,830,60470,High
33,1331,1608,880,60460,High
780,1226,1472,710,60440,High
783,1073,1280,1240,60440,High
876,1691,2023,540,60270,High
281,1270,1515,720,60240,High
268,1701,2030,830,60140,High
595,1612,1931,790,60060,High
736,1449,1733,320,60060,High
49,1472,1776,1260,59980,High
400,1848,2254,1000,59970,High
851,1977,2362,1020,59950,High
681,1637,1958,760,59940,High
532,1275,1517,790,59920,High
778,1477,1798,850,59820,High
842,1528,1843,340,59820,High
368,1484,1774,940,59800,High
411,1410,1704,1130,59760,High
603,1429,1720,1180,59540,High
737,1098,1309,860,59530,High
145,1498,1770,620,59380,High
847,1535,1819,540,59290,High
729,1487,1773,970,59190,High
774,1497,1815,700,59190,High
832,986,1179,710,59160,High
14,1615,1931,1160,59130,High
599,1664,2016,830,59130,High
543,1546,1845,760,59070,High
472,1187,1417,1230,58940,High
804,1360,1650,420,58940,High
147,1442,1750,130,58920,High
315,1766,2131,340,58670,High
65,1544,1821,590,58660,High
632,1422,1722,560,58660,High
289,1386,1674,1210,58610,High
415,1378,1670,950,58610,High
860,1458,1757,850,58600,High
246,1657,2003,1070,58540,High
754,1453,1749,890,58440,High
545,1270,1519,920,58390,High
421,1161,1404,430,58380,High
205,1540,1857,1020,58260,High
836,1651,2009,1000,58160,High
180,1626,1941,1350,58090,High
509,1496,1787,800,58070,High
722,1766,2109,1120,57910,High
83,1441,1723,330,57860,High
52,1565,1880,1300,57830,High
878,1771,2138,820,57820,High
823,1588,1892,540,57750,High
12,1751,2098,720,57620,High
295,1513,1803,970,57530,High
331,1060,1273,860,57500,High
131,1342,1595,910,57480,High
427,1138,1375,1220,57450,High
642,1100,1331,1010,57330,High
651,1334,1584,840,57200,High
360,1495,1799,950,57160,High
443,1472,1766,1290,57140,High
465,1436,1737,770,57090,High
684,1884,2262,310,56910,High
758,1389,1683,680,56880,High
740,1358,1645,770,56860,High
644,1299,1555,1020,56850,High
477,1213,1462,560,    ,High
498,902,1087,680,56820,High
328,1808,2157,730,56810,High
787,1561,1877,790,56790,High
119,1500,1798,860,56710,High
777,1444,1742,840,56710,High
456,1353,1598,690,56660,High
71,1692,2019,850,56650,High
262,913,1106,860,56610,High
466,1738,2065,750,56480,High
404,1576,1896,750,56450,High
283,1533,1848,1070,56440,High
516,1735,2084,820,56440,High
311,1566,1889,610,56400,High
798,1536,1808,830,56380,High
94,1385,1655,760,56360,High
586,1227,1476,720,56260,High
791,1574,1876,620,56230,High
249,1733,2097,730,56170,High
113,1897,2248,1330,56010,High
480,933,1121,940,55990,High
711,1502,1815,190,55980,High
838,1916,2277,610,55880,High
218,1525,1829,840,55820,High
679,1797,2126,730,55710,High
294,1314,1576,360,55660,High
372,1078,1305,1190,55530,High
843,1305,1557,580,55500,High
793,1428,1713,550,55390,High
39,1839,2204,1010,55170,High
505,1334,1607,370,55160,High
640,1580,1895,720,54950,High
649,1514,1794,1400,54820,High
604,1241,1488,770,54690,High
363,1571,1877,580,54670,High
575,1770,2131,1140,54650,High
554,1165,1390,1220,54610,High
426,1788,2133,1000,54590,High
675,1427,1677,210,54590,High
686,1121,1332,790,54590,High
766,1562,1881,740,54530,High
533,1642,1981,720,54450,High
582,1424,1716,630,54410,High
859,1152,1393,860,54380,High
255,1604,1925,670,54370,High
571,1199,1461,1070,54370,High
356,1269,1511,500,54360,High
896,1174,1429,1110,54340,High
160,1275,1534,1230,54300,High
764,1878,2264,310,54200,High
591,1206,1437,1330,54060,High
806,1577,1902,910,54060,High
93,1838,2205,400,54030,High
3,1340,1609,720,54010,High
455,1501,1790,450,53940,High
840,1172,1413,480,53940,High
826,1363,1630,1120,53900,High
492,1429,1695,890,53890,High
60,1756,2070,460,53870,High
698,1421,1704,840,53840,High
731,1748,2086,550,53760,High
792,1511,1791,1010,53760,High
635,1568,1920,890,53750,High
4,1451,1748,620,53730,High
483,1688,2046,380,53550,High
425,1247,1523,1350,53500,High
410,1340,1605,1000,53400,High
633,1564,1869,1030,53370,High
398,1153,1381,730,53270,High
547,1614,1938,1110,53230,High
719,1430,1743,970,53230,High
770,1934,2349,750,52990,High
695,1297,1529,870,52940,High
23,1719,2065,950,52780,High
234,1366,1649,940,52780,High
493,1491,1770,800,52610,High
550,869,1050,850,52540,High
286,1000,1215,1070,52520,High
195,1652,1982,690,52460,High
660,1132,1366,1340,52450,High
487,1760,2111,680,52400,High
863,1591,1919,640,52340,High
211,1309,1572,510,52280,High
210,1575,1872,690,52270,High
884,1357,1625,1140,52160,High
574,1494,1794,550,52130,High
418,1421,1724,920,52090,High
436,1536,1836,990,52060,High
874,1209,1452,830,52050,High
747,1474,1776,1020,51990,High
239,1863,2247,480,51950,High
802,1862,2248,1160,51910,High
135,1370,1638,980,51850,High
510,1719,2058,700,51760,High
111,1162,1382,1260,51700,High
413,1891,2280,360,51560,High
399,2063,2493,810,51480,High
577,1141,1372,620,51480,High
822,1330,1604,480,51460,High
606,1690,2065,910,51420,High
713,1542,1844,680,51380,High
484,1842,2204,930,51320,High
658,1525,1839,540,51310,High
86,1468,1760,280,51280,High
330,1640,1948,960,51270,High
568,2026,2400,720,51240,High
146,1462,1762,1010,51190,High
388,1487,1801,890,51130,High
522,1688,2037,590,50960,High
105,1309,1587,1000,50950,High
515,1271,1523,1140,50940,High
403,1439,1724,900,50920,High
272,1837,2220,340,50840,High
500,1335,1601,460,50820,High
96,1975,2385,500,50810,High
161,1740,2078,680,50780,High
302,1585,1916,1110,50740,High
623,1371,1635,720,50730,High
382,1208,1467,910,50720,High
24,1449,1752,620,50680,High
612,1529,1839,1000,50590,High
265,1153,1397,1020,50440,High
148,1250,1486,730,50360,High
534,1381,1633,1270,50250,High
267,1381,1660,970,50170,High
277,1764,2109,1210,50130,High
345,2004,2390,930,50130,High
133,1396,1672,1170,50070,High
578,1586,1886,660,50060,High
844,1463,1751,900,49990,Medium
348,1766,2138,580,49980,Medium
169,1232,1487,860,49800,Medium
200,1148,1371,940,49760,Medium
496,1109,1342,760,49750,Medium
742,1502,1802,840,49730,Medium
300,1075,1288,630,49720,Medium
819,1822,2160,860,49720,Medium
448,1768,2123,860,49590,Medium
566,1152,1386,980,49590,Medium
333,1222,1473,630,49570,Medium
41,1435,1725,1250,49550,Medium
412,1432,1719,990,49540,Medium
414,1322,1583,720,49510,Medium
703,1434,1729,480,49510,Medium
750,1398,1683,490,49500,Medium
120,1682,2017,780,49390,Medium
608,1581,1894,760,49380,Medium
637,1501,1822,590,49350,Medium
424,1443,1755,880,49330,Medium
46,1227,1471,870,49270,Medium
128,1718,2051,750,49210,Medium
150,1936,2300,1060,49170,Medium
563,1748,2092,580,49170,Medium
232,1397,1661,1410,49160,Medium
744,1418,1699,870,49160,Medium
63,1472,1748,600,49100,Medium
67,1881,2262,570,49080,Medium
207,1526,1853,660,49070,Medium
808,1447,1730,510,49030,Medium
143,1214,1456,530,48950,Medium
861,1249,1510,660,48950,Medium
56,1417,1701,740,48670,Medium
816,1458,1746,720,48610,Medium
141,1978,2374,800,48590,Medium
144,1504,1805,540,48560,Medium
327,1458,1736,870,48550,Medium
569,1772,2146,1030,48540,Medium
179,1704,2032,590,48300,Medium
801,1436,1715,1030,48180,Medium
42,965,1152,600,48140,Medium
385,1554,1852,440,48120,Medium
358,1514,1822,670,48090,Medium
369,1398,1678,920,48030,Medium
883,1819,2187,590,47920,Medium
525,1148,1384,730,47800,Medium
291,1057,1264,360,47730,Medium
431,1618,1943,460,47620,Medium
821,1072,1296,900,47590,Medium
616,1426,1718,370,47570,Medium
173,1007,1207,670,47460,Medium
699,1655,1956,800,47350,Medium
352,1584,1897,1210,47310,Medium
761,1645,1963,900,47300,Medium
237,1184,1434,670,47230,Medium
242,1539,1848,750,47140,Medium
785,2013,2396,580,47060,Medium
502,1588,1906,450,46970,Medium
479,1745,2108,730,46920,Medium
284,1390,1646,800,46840,Medium
115,1909,2287,1210,46830,Medium
514,1832,2208,1090,46760,Medium
338,1450,1750,480,46700,Medium
342,1678,1999,740,46650,Medium
5,1770,2111,450,46620,Medium
123,1408,1669,530,46580,Medium
890,1539,1829,650,46580,Medium
738,1121,1351,900,46380,Medium
9,1090,1321,680,46310,Medium
871,1487,1776,800,46230,Medium
834,1437,1725,910,46220,Medium
166,955,1133,580,46140,Medium
62,2011,2391,530,46100,Medium
250,1641,1976,620,46050,Medium
542,1633,1936,1320,46050,Medium
749,1361,1638,1140,46040,Medium
406,1613,1893,1180,46030,Medium
825,1778,2133,280,45950,Medium
287,1313,1586,420,45940,Medium
520,1490,1788,360,45840,Medium
346,1954,2378,810,45820,Medium
717,967,1154,560,45780,Medium
89,1238,1468,960,45720,Medium
233,1245,1499,570,45650,Medium
334,1619,1957,1280,45580,Medium
40,1270,1516,10,45480,Medium
36,1871,2230,700,45460,Medium
6,1442,1733,760,45260,Medium
475,1836,2195,940,45160,Medium
114,1607,1927,940,45080,Medium
504,1484,1774,880,45080,Medium
162,1372,1657,580,45020,Medium
307,1523,1813,520,44960,Medium
171,1343,1599,870,44910,Medium
526,1001,1194,1210,44890,Medium
293,1347,1622,560,44860,Medium
636,1933,2338,1140,44730,Medium
544,1475,1753,920,44670,Medium
335,1624,1973,1440,44660,Medium
666,1086,1299,1050,44400,Medium
820,1716,2038,410,44400,Medium
789,1441,1747,670,44370,Medium
803,1200,1442,880,44320,Medium
683,1203,1446,620,44260,Medium
462,1618,1940,630,44240,Medium
10,1030,1235,1130,44150,Medium
175,1527,1832,580,44090,Medium
830,1218,1452,870,43910,Medium
419,1280,1530,1240,43860,Medium
497,1207,1440,500,43840,Medium
337,1320,1583,540,43720,Medium
490,1540,1838,570,43710,Medium
313,1494,1806,1450,43640,Medium
691,1191,1436,840,43520,Medium
537,1192,1445,810,43470,Medium
21,1421,1700,370,43460,Medium
251,1373,1648,530,43390,Medium
775,1430,1704,1070,43370,Medium
638,1593,1911,580,43340,Medium
463,1845,2233,370,43190,Medium
662,1427,1720,630,43190,Medium
494,1313,1574,920,43130,Medium
841,1350,1606,770,43030,Medium
845,1409,1727,700,42980,Medium
270,1476,1777,660,42890,Medium
461,1513,1821,690,42880,Medium
188,1660,1985,1180,42860,Medium
581,1167,1406,440,42860,Medium
136,1667,1993,740,42840,Medium
584,1408,1708,220,42810,Medium
84,1572,1884,1410,42670,Medium
176,1356,1619,700,42620,Medium
159,775,932,1090,42530,Medium
70,1318,1576,710,42430,Medium
552,1883,2262,570,42240,Medium
90,1479,1758,420,42060,Medium
857,1206,1460,810,41990,Medium
709,1693,2032,610,41910,Medium
25,1234,1488,840,41880,Medium
718,1582,1894,1100,41800,Medium
276,1517,1805,1040,41740,Medium
444,1307,1570,1080,41710,Medium
620,1501,1789,670,41680,Medium
593,1009,1202,330,41600,Medium
37,1442,1744,610,41570,Medium
562,1767,2158,530,41540,Medium
835,1327,1609,1320,41500,Medium
308,1373,1654,410,41490,Medium
321,1208,1459,930,41490,Medium
100,1579,1899,1140,41190,Medium
865,1846,2195,1170,41090,Medium
187,1524,1796,1060,41080,Medium
329,1615,1954,760,41080,Medium
795,1057,1280,610,41050,Medium
182,1174,1396,1100,40930,Medium
481,1764,2132,920,40840,Medium
663,1211,1447,1110,40730,Medium
81,1431,1711,620,40700,Medium
862,1939,2333,830,40670,Medium
134,1713,2071,900,40490,Medium
721,1118,1338,1040,40450,Medium
350,1886,2228,1530,40350,Medium
495,1609,1943,920,40300,Medium
20,1940,2340,980,40190,Medium
439,1297,1561,1070,40000,Medium
748,1524,1819,1190,39970,Medium
2,1461,1752,210,39820,Medium
254,1428,1719,1060,39800,Medium
151,1369,1629,770,39740,Medium
44,1780,2117,780,39730,Medium
190,1666,2000,480,39730,Medium
634,1510,1810,730,39700,Medium
88,1252,1506,850,39650,Medium
553,1526,1842,690,39580,Medium
523,1537,1836,670,39480,Medium
282,1734,2073,500,39460,Medium
387,1415,1697,1200,39420,Medium
378,1412,1699,680,39200,Medium
724,1167,1411,440,39190,Medium
864,1180,1397,750,39140,Medium
540,1607,1909,460,39030,Medium
288,1494,1799,510,38970,Medium
459,1332,1610,880,38890,Medium
79,1720,2044,960,38660,Medium
168,1331,1606,630,38650,Medium
458,1165,1411,1020,38620,Medium
391,1509,1799,960,38600,Medium
491,1167,1388,620,38600,Medium
746,1450,1728,930,38560,Medium
530,1554,1844,670,38530,Medium
837,1211,1462,670,38530,Medium
833,1330,1606,590,38510,Medium
521,1777,2117,780,38280,Medium
260,1145,1370,350,38210,Medium
18,1703,2045,670,38170,Medium
206,1807,2149,910,38120,Medium
149,1229,1480,830,38070,Medium
323,1448,1734,680,37980,Medium
827,1609,1928,160,37920,Medium
209,1703,2055,1080,37830,Medium
609,1608,1945,760,37830,Medium
165,1823,2176,700,37810,Medium
8,1261,1507,1020,37720,Medium
668,1476,1760,600,37390,Medium
297,1180,1436,690,37330,Medium
155,1393,1663,670,37320,Medium
269,1206,1456,920,37130,Medium
829,1379,1636,440,36770,Medium
395,1209,1464,600,36740,Medium
366,1514,1837,1130,36690,Medium
485,1316,1597,980,36560,Medium
653,1809,2145,940,36530,Medium
474,1543,1840,450,36380,Medium
499,1191,1422,770,36350,Medium
110,1415,1700,920,36330,Medium
730,1854,2205,890,36290,Medium
723,1799,2173,910,36280,Medium
818,1608,1962,770,36280,Medium
674,1658,2000,350,36210,Medium
779,1041,1246,600,36190,Medium
720,1827,2160,930,36160,Medium
692,1317,1569,780,36000,Medium
610,1344,1608,730,35980,Medium
45,1009,1194,520,35800,Medium
588,1553,1831,740,35680,Medium
362,1219,1468,850,35600,Medium
705,932,1120,660,35590,Medium
125,1164,1390,370,35510,Medium
536,1057,1262,1490,35420,Medium
689,1160,1401,900,35360,Medium
298,1142,1352,710,35280,Medium
326,1510,1810,950,35230,Medium
454,1808,2154,990,35220,Medium
314,1659,2008,620,35120,Medium
889,1451,1734,670,34880,Medium
727,1033,1237,740,34610,Medium
158,1408,1696,350,34410,Medium
772,1417,1689,570,34310,Medium
361,1759,2095,980,34190,Medium
204,992,1192,900,34180,Medium
280,1327,1571,730,34020,Medium
389,1339,1589,1050,33890,Medium
222,1620,1922,550,33740,Medium
216,1604,1909,370,33730,Medium
72,1152,1380,530,33580,Medium
174,1762,2145,490,33460,Medium
69,1631,1941,650,33430,Medium
428,1709,2042,430,33240,Medium
590,1240,1493,590,33120,Medium
446,1556,1869,1000,33010,Medium
122,1525,1835,900,32770,Medium
885,1396,1673,690,32740,Medium
517,1627,1948,890,32610,Medium
186,1437,1717,230,32330,Medium
397,1689,2044,1140,32260,Medium
374,1909,2306,820,31940,Medium
318,1236,1484,560,31890,Medium
762,1464,1771,1080,31270,Medium
118,1712,2046,460,31180,Medium
614,1015,1229,930,31180,Medium
585,1517,1831,610,30840,Medium
290,1979,2364,660,30810,Medium
535,1381,1634,930,30790,Medium
657,1709,2065,670,30610,Medium
702,1317,1581,910,30020,Medium
597,946,1125,590,29170,Medium
710,1247,1497,590,28330,Medium
488,1323,1571,850,27970,Medium
508,1244,1477,890,27840,Medium
396,1546,1829,380,27720,Medium
154,1649,1963,490,27410,Medium
359,1015,1216,460,27310,Medium
77,1267,1520,450,26770,Medium
271,1189,1439,780,26220,Medium
261,1174,1426,980,25950,Low
27,1475,1777,1100,25820,Low
273,1319,1571,1190,25630,Low
866,780,951,790,25600,Low
224,1318,1606,1200,24410,Low
109,1573,1878,650,23740,Low
383,1454,1737,870,23090,Low
671,1461,1739,1250,22310,Low
253,1583,1907,680,21830,Low
278,1572,1869,1030,21750,Low
373,1876,2254,1340,21650,Low
726,1445,1734,900,21470,Low
353,1397,1686,850,21300,Low
594,1624,1946,870,20270,Low
776,1537,1877,660,17670,Low
853,1477,1790,880,16370,Low
32,1250,1508,990,14920,Low
